no,status,auction_date,property_type,address,area,lender,reserve_price_inr,emd_inr,possession,confidence,notes,source_url
1,UPCOMING,2026-10-29,Residential flat,"Katargam, Surat",47 sq.mt,ICICI Bank,2760000,276000,,Medium,"EMD deadline 28-Oct-2026",https://bankauctiondeals.com/properties/state/gujarat/surat
2,UPCOMING (verify date),2026-10-29?,Residential flat,"Flat 202, Prism Heights, Katargam, Surat",,ICICI Bank,5750000,,,Low,"Shown on CityAir's active Surat listings. Auction date not confirmed",https://cityair.in/auction-flat-for-sale-in-katargam-surat-by-icici-bank-147046.html
3,UPCOMING (verify),2026-10-29,Residential,"Katargam, Surat",,ICICI Bank,~1300000 (from EMD),130000,,Low,"Only the EMD (₹1.30 L, due 28-Oct) was seen, so reserve is inferred",https://bankauctiondeals.com/properties/state/gujarat/surat
4,PAST - watch re-auction,2026-08-10,2 flats (single lot),"Flat 501 & 502, Building G/2, Suryam Residency, Katargam, Surat",43.725 sq.mt each (built-up),State Bank of India,3100000,310000,,Medium,"Borrower M/s Jiya Eco Products Ltd. SARFAESI auction 11:00-16:00. One site shows ₹34 L for this lot; it may be mixed up with #5",https://sbi.bank.in/documents/39129/147733ea-cd63-d417-2ba4-7b5473a0e87e?+Conditions+for+Auction+on+10.08.2026+Jiya+Products+Ltd.pdf=
5,PAST - watch re-auction,2026-06-30,Individual house (G+1),"A-132/A-149, Smruti Co-op Housing Society, near Gajera Circle, Fulpada Road, Katargam, Surat 395004",Land 50.14 sq.mt (~540 sq ft); construction 74.23 sq.mt,State Bank of India,3400000,340000,Physical,Medium,"Freehold. Listed on BAANKNET. The listing gives two plot numbers (A-132 and A-149); check which one",https://findauction.in/auction/sbi/individual-house-in-katargam-surat-1660115
6,PAST - watch re-auction,2026-08-07,Shop,"Gopal Plaza, Kuber Nagar, Katargam, Surat 395004",,Standard Chartered,2317968,231797,,High,"Bid increment ₹1,00,000. Auction 11:00-13:00",https://findauction.in/auction/standardcharteredbank/shop-in-gopal-plaza-katargam-surat-1724620
7,PAST - watch re-auction,2026-07-31,Bungalow,"Bungalow No. 9, Pushpkunj Co-op Hsg Soc, Survey No. 17/B, Revenue Nondh 3312, Moje Katargam, Surat 395004",375 sq yd (301.96 sq.mt),IDFC FIRST Bank,26950947,,,High,"Reserve cut from ₹2,99,45,498 (16-Apr-2026) after the first auction failed",https://findauction.in/auction/idfcfirstbank/bungalow-in-katargam-surat-1714543
8,PAST - watch re-auction,2026-07-30,Office,"Katargam, Surat",,Pegasus Assets Reconstruction (ARC),1785600,,,High,"ARC sale. Check dues and litigation",https://findauction.in/auction/pegasusarc/office-in-katargam-surat-1693038
9,PAST - watch re-auction,2026-07-21,Flat,"Laxmi Residency, Katargam, Surat",,HDFC Bank,8855000,,,High,"Auction 11:00-12:00",https://findauction.in/auction/hdfcbank/flat-in-laxmi-residency-katargam-surat-1687708
10,PAST - watch re-auction,2026-07-20,Flat,"Katargam, Surat",,Piramal Capital & Housing Finance,603000,,,High,"Very low price for Katargam. Check size and condition",https://findauction.in/auction/piramalfinance/flat-in-katargam-surat-1725526
11,PAST - watch re-auction,2026-07-19,Non-agricultural plot,"Katargam, Surat",,U GRO Capital,2900000,,,High,"Check 7/12 extract and NA order",https://findauction.in/auction/ugrocapital/non-agricultural-plot-in-katargam-surat-1687867
12,PAST,2026-03-09,Shop,"Silverstone Arcade, Katargam, Surat",,Cosmos Co-op Bank,3350000,,,High,,https://findauction.in/auction/cosmosbank/shop-in-silverstone-arcade-katargam-surat-1516544
13,PAST,2026-03-03,Flat,"Vasanjipark CHS, Katargam, Surat",,Cholamandalam Investment & Finance,11550000,,,High,,https://findauction.in/auction/cholamandalam/flat-in-vasanjipark-chs-katargam-surat-1518840
14,PAST,2026-02-17,Residential bungalow,"Plot No. 32, Sant Jalaram Society, opp. Pandol Industrial Estate, near Prannath Hospital, Ved Road, Katargam, Surat",167.14 sq.mt,Bank of Baroda,15885000,,,High,,https://findauction.in/auction/bankofbaroda/residential-bunglow-in-katargam-surat-1504409
15,PAST,2026-01-05,Flat,"Katargam, Surat",,Bajaj Housing Finance,1030000,,,High,,https://findauction.in/auction/bajajhousingfinance/flat-in-katargam-surat-1470307
16,OLD (2025),2025-07-05,Shop,"Shop B/1, Ground Floor, Ganpati Plaza Co-op Hsg Soc, Katargam Darwaja, Surat",1000 sq ft,HDFC Bank,,,,Medium,"Borrower: Pundits Business Pvt Ltd. Reserve price not seen",https://www.hdfcbank.com/content/bbp/repositories/723fb80a-2dde-42a3-9793-7ae1be57c87f/?path=/Footer/Resource/Important+Notice/Content/pdf/2025/june/11/Ms-PUNDITS-BUSINESS-PVT.-LTD.___SURAT-Branch_SN_05.06.pdf
17,OLD (2025),2025-03-27,Residential flat,"Flat A/504, Suman Sarthak, Dabholi Road, Katargam, Surat",,Bank of India,1459000,146000,,Medium,,https://www.eauctiondekho.com/auctions/bank-of-india-auctions-for-flat-in-katargam-surat
18,OLD (2025),2025-01-28,Flat,"Katargam, Surat",,Bank of Maharashtra,2950000,295000,,Medium,,https://findauction.in/auction/bankofmaharashtra/flat-in-katargam-surat-1063060
19,OLD (2024),2024-07-16,Flat,"Flat 404, Shree Ganesh Apartment, Shram Nagar Society, opp. Akhanand College, Katargam, Surat 395004",,Aadhar Housing Finance,570000,,,Medium,,https://www.eauctionsindia.com/properties/353957
20,DATE/PRICE UNKNOWN,,Residential plot,"Plot 36/A, Sant Jalaram Society, Ved Road, Katargam, Surat",54.23 sq.mt,Bank of India,,,,Medium,,https://www.eauctiondekho.com/auctions/bank-of-india-auctions-for-plot-in-katargam-surat
21,DATE/PRICE UNKNOWN,,Plot,"Plot 220 (KJP Block 369/220), Rahi Township Vibhag-1, Katargam, Surat",48 sq yd (40.15 sq.mt),Union Bank of India,,,,Medium,,https://www.eauctiondekho.com/auctions/union-bank-of-india-auctions-for-plot-in-katargam-surat
22,DATE/PRICE UNKNOWN,,Flat,"Shantiniketan Apartments, Sumul Dairy Road, Katargam, Surat",,Assets Care & Reconstruction Enterprise (ACRE),,,,Medium,,https://www.eauctiondekho.com/auctions/assets-care-reconstruction-enterprise-ltd-auctions-for-flat-in-katargam-surat
23,OLD (date/price unknown),,Residential plots (2),"Plot F-15 & F-16, Radheshyam Society, RS No. 499/500, TPS 18, FP 82 & 86 (Final Plot 86), Moje Katargam, Surat",26.57 sq.mt each (53.14 sq.mt total),Cholamandalam Investment & Finance,,,,Medium,"Probably an older listing (FindAuction ID 479468; 2026 listings are ~1.5M+). No 2026 re-listing found",https://findauction.in/auction/cholamandalam/property-in-katargam-surat-479468
